person_id,password,login_date
sosobanane,earful,2015-01-19
maharnav,carriage,2017-04-05
alex945,finicky,2016-10-05
aminox,knock,2016-07-31
hassan1365416,snake,2016-03-16
f1984b,idea,2016-06-20
amateur07,jail,2019-04-14
jerusseust,fry,2015-06-08
timequake,meek,2019-08-01
piley159,proud,2019-06-11
sheik_yerbouti,unique,2018-03-23
rps_1899,measly,2015-07-06
citrus2014,cooperative,2018-02-19
fsv,gorgeous,2016-06-26
bischopscup,education,2017-09-22
viperfish12,red,2018-07-22
mmarvin,giants,2019-07-14
harmon758,zipper,2015-08-26
artykom,bolt,2016-04-10
sudebala,devilish,2017-06-04
stethoscopes,cloudy,2017-11-06
craciun05,rabbits,2019-04-06
youralterego,direful,2017-08-13
odalv,tin,2015-05-28
hairy-conniption,skate,2017-11-03
tahastanly,hate,2016-05-07
rexlex,increase,2018-03-08
nitsua49,dependent,2015-03-18
cracking12345,star,2016-06-15
mohamadi46,machine,2017-07-02
,,
,,