person_id,age,dob,gender,fname,lname
sosobanane,61,1952-10-26,female,Nieve,Whitworth
maharnav,108,1905-02-10,female,Roza,Chamberlain
amateur07,65,1948-02-20,female,Jaya,Findlay
jerusseust,48,1965-03-01,female,Sara,Willis
timequake,56,1957-05-13,female,Tammy,Stark
piley159,50,1963-08-07,female,Automn,Wharton
sheik_yerbouti,24,1989-03-18,female,Samantha,Conway
artykom,60,1953-10-20,female,Tracey,Aimes
sudebala,32,1981-07-12,female,Zainab,Crawford
youralterego,17,1996-08-18,female,Arfa,McRich
tahastanly,56,1957-08-15,female,Diana,Thornicle
alex945,16,1997-11-25,male,Alex,Bach
aminox,22,1991-04-24,male,Amine,Shimmy
hassan1365416,22,1991-07-04,male,Hassan,James
f1984b,17,1996-04-23,male,Fawqad,Chen
rps_1899,23,1990-02-08,male,Rohan,Patel
citrus2014,27,1986-08-15,male,Jason,Derulo
fsv,53,1960-05-21,male,Farhan,Nizami
bischopscup,41,1972-03-13,male,Billy,King
viperfish12,43,1970-12-18,male,William,Cech
mmarvin,25,1988-01-01,male,Marvin,Turner
harmon758,30,1983-12-08,male,Armin,McNelly
stethoscopes,46,1967-02-28,male,Steven,Cole
craciun05,68,1945-03-10,male,Crawley,Firmino
odalv,23,1990-01-01,male,Oxlade,Chamberlain
hairy-conniption,16,1997-01-23,male,Harry,Kane
rexlex,25,1988-05-12,male,Rex,Dale
nitsua49,48,1965-12-26,male,Neville,Ferdinand
cracking12345,39,1974-10-11,male,Micheal,Loupe
mohamadi46,20,1993-06-30,male,Moe,Cannon